create database db_Lilili
create table tb_Student(
Sno char(11) primary key,
Sname char(20) not null,
Ssex char(2) check (Ssex='男' or Ssex='女') default '男',
Sage smallint not null,
Sdept char(20)
)
create table tb_Course(
Cno char(4) primary key,
CName char(20),
Cpno char(4),
Ccredit smallint
)
create table tb_SC(
Sno char(11),
Cno char(4),
Grade smallint
)
select Sno,Sname,Ssex,Sage,Sdept from tb_Student
insert into tb_Student(Sno,Sname,Ssex,Sage,Sdept)
values(200215001,'李勇','男',20,'CS'),
      (200215002,'刘晨','女',19,'CS'),
      (200215003,'王敏','女',18,'MA'),
      (200215004,'张立','男',19,'IS'),
      (200215005,'赵丽颖','女',20,'IS'),
      (200215006,'李小勇','男',20,'CS'),
      (200215007,'刘小晨','女',19,'CS'),
      (200215008,'王小敏','女',18,'MA'),
      (200215009,'张小立','男',19,'IS'),
      (200215010,'颖宝','女',20,'IS'),
      (200215011,'李大勇','男',20,'CS'),
      (200215012,'刘大晨','女',19,'CS'),
      (200215013,'王大敏','女',18,'MA'),
      (200215014,'张大大','男',19,'IS'),
      (200215015,'赵一闪','女',20,'IS'),
      (200215016,'吴勇','男',20,'CS'),
      (200215017,'高晨','女',19,'CS'),
      (200215018,'王敏敏','女',18,'MA'),
      (200215019,'张小龙','男',19,'IS'),
      (200215020,'赵茵茵','女',20,'IS'),
      (200215021,'李勇勇','男',20,'CS'),
      (200215022,'刘晨晨','女',19,'CS'),
      (200215023,'刘敏','女',18,'MA'),
      (200215024,'刘立','男',19,'IS'),
      (200215025,'王丽颖','女',20,'IS')
select Cno,CName,Cpno,Ccredit from tb_Course
insert into tb_Course(Cno,CName,Cpno,Ccredit)
values(1,'数据库',5,4),
      (2,'数学',null,2),
      (3,'信息系统',1,4),
      (4,'操作系统',6,3),
      (5,'数据结构',7,4),
      (6,'数据处理',null,2),
      (7,'PASCAL语言',6,4),
      (8,'英语',5,6),
      (9,'思修',4,7),
      (10,'体育',2,4)
select Sno,Cno,Grade from tb_SC
insert into tb_SC(Sno,Cno,Grade)
values(200215001,1,92),
      (200215002,2,85),
      (200215003,3,88),
      (200215004,4,90),
      (200215005,5,80),
      (200215006,1,92),
      (200215007,2,85),
      (200215008,3,88),
      (200215009,4,90),
      (200215010,5,80),
      (200215011,1,92),
      (200215012,2,85),
      (200215013,3,88),
      (200215014,4,90),
      (200215015,5,80),
      (200215016,1,92),
      (200215017,2,85),
      (200215018,3,88),
      (200215019,4,90),
      (200215020,5,80),
      (200215021,1,92),
      (200215022,2,85),
      (200215023,3,88),
      (200215024,4,90),
      (200215025,5,80)