create database db_kongyuhui
create table tb_student(
Sno char(11) primary key,
Sname char(20) not null,
 Ssex char(2) check(Ssex = '男' or Ssex = '女')default '男',
 Sage smallint not null,
 Sdpet char(2))
 create table tb_course(
 Cno char(4) primary key ,
 CName char(20),
 Cpno char(4),
 Ccredit smallint)
 create table tb_SC(
 Sno char(11) primary key,
 Cno char(4),
 Grade smallint)
 insert into tb_student(Sno,Sname,Ssex,Sage,Sdpet)values(200215121,'李勇','男',19,'CS'),
 (200215122,'小明','男',19,'CS'),(200215123,'小红','男',19,'CS'),(200215124,'小李','男',19,'CS'),
 (200215125,'李勇','男',19,'CS'),(200215126,'啊勇','男',19,'CS'),(200215127,'李刚','男',19,'CS')
 ,(200215128,'百勇','男',19,'CS'),(200215129,'赵勇','男',19,'CS'),(200215130,'李名','男',19,'CS'),
 (200215131,'李利','男',19,'CS'),(200215132,'刘勇','男',19,'CS'),(200215133,'李明','男',19,'CS'),
 (200215136,'李丽','男',19,'CS'),(200215134,'钱勇','男',19,'CS'),(200215135,'张勇','男',19,'CS'),
 (200215137,'李莉','男',19,'CS'),(200215138,'孙勇','男',19,'CS'),(200215139,'王勇','男',19,'CS'),
 (200215140,'李栗','男',19,'CS'),(200215143,'周勇','男',19,'CS'),
 (200215141,'孟勇','男',19,'CS'),(200215144,'吴勇','男',19,'CS'),
 (200215142,'徐勇','男',19,'CS'),(200215145,'郑勇','男',19,'CS')
 select Sno,Sname,Ssex,Sage,Sdpet from tb_student
 insert into tb_course(Cno,CName,Cpno,Ccredit)values('1','数据库','5',4),
 ('2','数学','6',4),
 ('3','语文','5',4),
 ('4','英语','4',4),
 ('6','信息系统','3',4),
 ('7','操作系统','4',4),
 ('8','数据结构','2',4),
 ('9','数据处理','5',4),
 ('5','PASCAL语言','4',4),
 ('10','C++','3',4)
 select Cno,CName,Cpno,Ccredit from tb_course
 insert into tb_SC(Sno,Cno,Grade)values(200215122,'4',43),
 (200215123,'5',63),
 (200215124,'5',63),
 (200215125,'5',63),
 (200215126,'5',63),
 (200215127,'5',63),
 (200215128,'5',63),
 (200215129,'5',63),
 (200215130,'5',63),
 (200215131,'5',63),
 (200215132,'5',63),
 (200215133,'5',63),
 (200215134,'5',63),
 (200215135,'5',63),
 (200215136,'5',63),
 (200215137,'5',63),
 (200215138,'5',63),
 (200215139,'5',63),
 (200215140,'5',63),
 (200215141,'5',63),
 (200215142,'5',63),
 (200215143,'5',63),
 (200215144,'5',63),
 (200215145,'5',63)
  select Sno,Cno,Grade from tb_SC 