
create table tb_students(
Sno char(11)primary key ,
Sname char(20)not null,
Ssex char(2) check(Ssex='男' or Ssex='女')default'男' ,
Sagn smallint not null,
Sdept char(20))
create table tb_Courses(
Cno char(4),
Cname char(20),
Cpno char(4),
Ccredit smallint)
create table tb_SCC(
Sno char(11) primary key,
Cno char(4),
Grade smallint)
--插入多条数据==学生表
insert into tb_students(Sno,Sname,Ssex,Sagn,Sdept)values
('2002121201','李勇','男',25,'CS'),('2002121202','李棍','男',25,'CS'),
('2002121203','刘晨','女',22,'MA'),('2002121204','李电','男',23,'IS'),
('2002121205','王敏','女',19,'IS'),('2002121206','李三','男',22,'IS'),
('2002121207','李萨德','男',21,'CS'),('2002121208','李多','男',21,'MA'),
('2002121209','李看几','男',24,'IS'),('2002121210','李大夫','男',23,'IS'),
('2002121211','李方','男',26,'MA'),('2002121212','李久','男',22,'IS'),
('2002121213','李不','男',21,'IS'),('2002121214','李的','男',26,'IS'),
('2002121215','李梵蒂','男',22,'IS'),('2002121216','李你','男',25,'MA'),
('2002121217','李化','男',22,'IS'),('2002121218','李一发','男',25,'MA'),
('2002121219','李给','男',22,'IS'),('2002121220','李冈','男',25,'MA'),
('2002121221','李规','男',22,'IS'),('2002121222','李回','男',25,'MA'),
('2002121223','李风','男',22,'IS'),('2002121224','李桂红','男',21,'MA'),
('2002121225','李发','男',22,'MA')
--查看数据库有哪些数据
select Sno,Sname,Ssex,Sagn,Sdept from tb_students
--给课程表插入多条数据
insert into tb_Courses(Cno,Cname,Cpno,Ccredit)values
('01','数据库','5',4),('02','数学','7',4),('03','信息系统','5',2),
('04','数据处理','5',4),('05','信息系统','5',4),('06','数据结构','7',4),
('07','数据结构','5',3),('08','数学','9',4),('09','信息系统','8',4),
('10','信息系统','6',4),('11','数据库','5',3),('12','数据库','2',4),
('13','数学','5',2),('14','数据库','5',2),('15','数据库','8',4),
('16','数据库','7',4),('17','信息系统','5',4),('18','数据结构','7',4),
('19','数学','8',4),('20','数据库','5',4),('21','信息系统','5',2),
('22','数据处理','6',2),('22','信息系统','4',1),('23','数据库','6',3),
('24','数学','6',4),('25','数据库','8',2)
--查看课程表数据库有哪些数据
select Cno,Cname,Cpno,Ccredit from tb_Courses
--给学生选课表添加数据
insert into tb_SCC(Sno,Cno,Grade)values
('2002121201','1',98),('2002121202','2',98),('2002121203','3',98),
('2002121204','4',98),('2002121205','5',98),('2002121206','6',98),
('2002121207','7',98),('2002121208','8',98),('2002121209','9',98),
('2002121210','10',98)
--查看数据
select *from tb_SCC