--create database db_zhaowuyang
use db_zhaowuyang
create table tb_Student(
Sno char(11) primary key,
Sname char(20) not null,
Ssex char(2)check(Ssex='男'or Ssex='女')default '男',
Sage smallint not null,
Sdept char(20)
)
create table tb_Course(
Cno char(4) primary key,
CName char(20) not null,
Cpno char(4) not null,
Ccredit smallint not null
)
create table tb_SC(
Sno char(11) primary key,
Cno char(4) not null,
Grade smallint not null
)
--当前数据库的所有表
select name from sys.objects where type='U'
--向学生表中插入数据
insert into tb_Student(Sno,Sname,Ssex,Sage,Sdept)
values('20170201','李勇','男',18,'XG'),('20170202','李勇','男',18,'XG'),
('20170203','李勇','男',18,'XG'),('20170204','就发','女',18,'TY'),
('20170205','李经','女',19,'TY'),('20170206','发生','女',18,'TY'),
('20170207','张三','男',20,'XG'),('20170208','李的','男',18,'XG'),
('20170209','赵思','女',18,'TY'),('20170210','加错','女',17,'TY'),
('20170211','前期','男',18,'XG'),('20170212','jack','男',18,'XG'),
('20170213','张哩','男',18,'XG'),('20170214','Mary','女',18,'XG'),
('20170215','赵吴','女',14,'TY'),('20170216','Tom','男',17,'TY'),
('20170217','武器','男',18,'XG'),('20170218','大下','女',18,'XG'),
('20170219','余罪','男',15,'XG'),('20170220','木子李','男',18,'XG'),
('20170221','大经','女',18,'TY'),('20170222','你们好','女',17,'XG'),
('20170223','小气','男',19,'XG'),('20170224','打野','男',18,'XG'),
('20170225','刘成','男',18,'XG')
--查询学生表中的所有数据
select Sno,Sname,Ssex,Sage,Sdept from tb_Student
--向课程表中插入数据
insert into tb_Course(Cno,CName,Cpno,Ccredit)values('1','数据库','3',5),
('2','数学','1',1),('3','英语','3',1),('4','思修','4',9),('5','数据库','6',4),
('6','数据库','1',2),('7','体育','3',3),('8','数据库','1',4),('9','英语','3',6),
('10','数据库','1',8)
--查询课程表中的所有数据
select Cno,CName,Cpno,Ccredit from tb_Course
--向选课表中插入数据
insert into tb_SC(Sno,Cno,Grade)values('20171201',1,98),('20171202',2,77),
('20171203',3,88),('20171204',4,66),('20171205',1,44),('20171206',1,55),
('20171207',1,98),('20171208',1,25),('20171209',1,36),('20171210',1,98),
('20171211',1,33),('20171212',1,11),('20171213',1,15),('20171214',1,58),
('20171215',1,78),('20171216',1,98),('20171217',1,98),('20171218',1,98),
('20171219',1,73),('20171220',1,75),('20171221',1,79),('20171222',1,28),
('20171223',1,18),('20171224',1,58),('20171225',1,27)
--查询选课表中的所有数据
select Sno,Cno,Grade from tb_SC